start_trade	s2	seq	216	376301.637618214
start_trade	s2	seq	216	376301.661246414
start_trade	s2	seq	218	376302.953487814
start_trade	s2	seq	218	376302.958857514
start_trade	s2	seq	217	376302.964484914
start_trade	s2	seq	217	376302.973292014
start_trade	s2	seq	219	376307.572074714
start_trade	s2	seq	221	376307.597843114
start_trade	s2	seq	221	376307.658963714
start_trade	s2	seq	220	376307.683913214
start_trade	s2	seq	220	376308.188127814
start_trade	s2	seq	219	376308.192287014
start_trade	s2	seq	223	376308.213049914
start_trade	s2	seq	223	376308.225384914
start_trade	s2	seq	222	376308.258841114
start_trade	s2	seq	222	376308.266022114
trade	s2	seq	216	start_mpc	376301.666285314	end_mpc	376308.537731714	duration_mpc	6.871446400007699
wait_interval	s2	seq	216	376308.549793914
start_trade	s2	seq	225	376310.837178314
start_trade	s2	seq	224	376310.860414114
start_trade	s2	seq	224	376310.877458014
start_trade	s2	seq	225	376310.891220914
start_trade	s2	seq	226	376312.352559114
start_trade	s2	seq	226	376312.360477814
start_trade	s2	seq	228	376314.870677414
start_trade	s2	seq	227	376314.877849914
start_trade	s2	seq	229	376314.886461714
start_trade	s2	seq	227	376314.891090314
start_trade	s2	seq	229	376314.896949414
start_trade	s2	seq	228	376314.918516314
trade	s2	seq	217	start_mpc	376303.020519614	end_mpc	376315.191079714	duration_mpc	12.17056009999942
wait_interval	s2	seq	217	376315.228693914
trade	s2	seq	218	start_mpc	376302.978705914	end_mpc	376315.341076214	duration_mpc	12.362370299990289
wait_interval	s2	seq	218	376315.385556614
start_trade	s2	seq	231	376316.189213314
start_trade	s2	seq	231	376316.197622514
start_trade	s2	seq	230	376316.234578114
start_trade	s2	seq	230	376316.239945014
trade	s2	seq	219	start_mpc	376308.339364814	end_mpc	376316.502448214	duration_mpc	8.16308339999523
wait_interval	s2	seq	219	376316.528650914
start_trade	s2	seq	232	376318.258175614
start_trade	s2	seq	232	376318.269762514
end_trade	s2	seq	216	376318.556142314
start_trade	s2	seq	235	376321.608945214
start_trade	s2	seq	233	376321.635681914
start_trade	s2	seq	237	376321.648917214
start_trade	s2	seq	233	376322.247235114
start_trade	s2	seq	235	376322.252005114
start_trade	s2	seq	234	376322.255578514
start_trade	s2	seq	236	376322.271198414
start_trade	s2	seq	237	376322.275480214
start_trade	s2	seq	236	376322.279571014
start_trade	s2	seq	234	376322.283577614
start_trade	s2	seq	238	376322.395448914
start_trade	s2	seq	238	376322.410899514
start_trade	s2	seq	239	376322.418975214
start_trade	s2	seq	239	376322.423950714
start_trade	s2	seq	242	376324.672112714
start_trade	s2	seq	240	376324.677279114
start_trade	s2	seq	240	376324.731551114
start_trade	s2	seq	242	376324.738107814
start_trade	s2	seq	241	376324.742990414
start_trade	s2	seq	243	376324.755474014
start_trade	s2	seq	243	376324.760629614
start_trade	s2	seq	241	376324.765027514
trade	s2	seq	216	start_mpc	376318.557782514	end_mpc	376325.162374814	duration_mpc	6.604592299961951
wait_interval	s2	seq	216	376325.200163514
end_trade	s2	seq	217	376325.338968114
end_trade	s2	seq	218	376325.400466614
start_trade	s2	seq	244	376326.273458814
start_trade	s2	seq	244	376326.307085014
end_trade	s2	seq	219	376326.537066314
start_trade	s2	seq	246	376329.818468814
start_trade	s2	seq	248	376329.836565614
start_trade	s2	seq	250	376329.873479314
start_trade	s2	seq	247	376330.435570914
start_trade	s2	seq	245	376330.441836214
start_trade	s2	seq	249	376330.454998914
start_trade	s2	seq	248	376330.462395414
start_trade	s2	seq	249	376330.466630914
start_trade	s2	seq	250	376330.481491314
start_trade	s2	seq	251	376330.488449714
start_trade	s2	seq	245	376330.513640114
start_trade	s2	seq	247	376330.540440714
start_trade	s2	seq	251	376330.559425014
start_trade	s2	seq	246	376330.565415014
start_trade	s2	seq	252	376330.573396714
start_trade	s2	seq	253	376330.589631614
start_trade	s2	seq	252	376330.597400614
start_trade	s2	seq	253	376330.606035414
start_trade	s2	seq	254	376332.246327714
start_trade	s2	seq	254	376332.257075714
trade	s2	seq	221	start_mpc	376325.218611514	end_mpc	376332.914492714	duration_mpc	7.695881199964788
wait_interval	s2	seq	221	376332.922891614
trade	s2	seq	220	start_mpc	376325.256138114	end_mpc	376333.306249714	duration_mpc	8.050111599965021
wait_interval	s2	seq	220	376333.312557414
trade	s2	seq	217	start_mpc	376325.343051914	end_mpc	376333.573287714	duration_mpc	8.230235799972434
wait_interval	s2	seq	217	376333.584423314
start_trade	s2	seq	256	376335.123943514
start_trade	s2	seq	257	376335.142430414
start_trade	s2	seq	259	376335.146418614
start_trade	s2	seq	258	376335.155207114
start_trade	s2	seq	255	376335.164983814
start_trade	s2	seq	256	376335.175978914
start_trade	s2	seq	255	376335.180801214
start_trade	s2	seq	258	376335.185862914
start_trade	s2	seq	259	376335.191063314
start_trade	s2	seq	257	376335.201039214
end_trade	s2	seq	216	376335.309491414
trade	s2	seq	218	start_mpc	376325.402678214	end_mpc	376335.390159114	duration_mpc	9.987480899959337
wait_interval	s2	seq	218	376335.448284014
trade	s2	seq	219	start_mpc	376326.538783114	end_mpc	376335.474139214	duration_mpc	8.93535610003164
wait_interval	s2	seq	219	376335.531041814
start_trade	s2	seq	260	376337.300678914
start_trade	s2	seq	262	376337.411227214
start_trade	s2	seq	261	376337.424672014
start_trade	s2	seq	263	376337.434693514
start_trade	s2	seq	260	376337.446103614
start_trade	s2	seq	261	376337.468716314
start_trade	s2	seq	263	376337.477501314
start_trade	s2	seq	262	376337.484441014
start_trade	s2	seq	264	376338.955178514
start_trade	s2	seq	264	376338.964481114
start_trade	s2	seq	266	376340.608178614
start_trade	s2	seq	268	376340.632859214
start_trade	s2	seq	271	376340.666619114
start_trade	s2	seq	266	376340.686891914
start_trade	s2	seq	268	376340.693713814
start_trade	s2	seq	269	376340.703077614
start_trade	s2	seq	271	376340.717491214
start_trade	s2	seq	267	376340.726146014
start_trade	s2	seq	265	376340.769084914
start_trade	s2	seq	269	376340.775097714
start_trade	s2	seq	270	376340.791194414
start_trade	s2	seq	272	376340.810412814
start_trade	s2	seq	267	376340.829744214
start_trade	s2	seq	265	376340.836775814
start_trade	s2	seq	270	376340.863918314
start_trade	s2	seq	272	376340.883638214
trade	s2	seq	222	start_mpc	376333.586012214	end_mpc	376341.427454914	duration_mpc	7.841442700009793
wait_interval	s2	seq	222	376341.448687614
trade	s2	seq	223	start_mpc	376335.552876114	end_mpc	376342.458021314	duration_mpc	6.905145200027619
wait_interval	s2	seq	223	376342.496978814
trade	s2	seq	224	start_mpc	376335.607189214	end_mpc	376342.784785114	duration_mpc	7.177595900022425
wait_interval	s2	seq	224	376342.820178314
end_trade	s2	seq	221	376342.935521014
end_trade	s2	seq	220	376343.319493314
end_trade	s2	seq	217	376343.589152114
start_trade	s2	seq	273	376344.391831214
start_trade	s2	seq	274	376344.395226714
start_trade	s2	seq	273	376344.398658814
start_trade	s2	seq	274	376344.401491214
trade	s2	seq	221	start_mpc	376342.937676414	end_mpc	376345.189964214	duration_mpc	2.2522878000163473
wait_interval	s2	seq	221	376345.214359214
end_trade	s2	seq	218	376345.456978914
end_trade	s2	seq	219	376345.546303714
start_trade	s2	seq	276	376347.560305814
start_trade	s2	seq	278	376347.566408114
start_trade	s2	seq	280	376347.575286714
start_trade	s2	seq	282	376347.583449714
start_trade	s2	seq	277	376347.592030814
start_trade	s2	seq	275	376347.599804614
start_trade	s2	seq	279	376347.608419914
start_trade	s2	seq	280	376347.612179914
start_trade	s2	seq	281	376347.615629514
start_trade	s2	seq	282	376347.618618914
start_trade	s2	seq	275	376347.621855614
start_trade	s2	seq	277	376347.627789414
start_trade	s2	seq	278	376347.647200614
start_trade	s2	seq	279	376347.658247514
start_trade	s2	seq	281	376347.673334114
start_trade	s2	seq	276	376347.965578114
start_trade	s2	seq	284	376348.009514914
start_trade	s2	seq	283	376348.016245014
start_trade	s2	seq	283	376348.020937814
start_trade	s2	seq	284	376348.036184514
trade	s2	seq	220	start_mpc	376343.323783014	end_mpc	376348.055402514	duration_mpc	4.7316194999730214
wait_interval	s2	seq	220	376348.070518914
trade	s2	seq	226	start_mpc	376345.221676214	end_mpc	376349.897749814	duration_mpc	4.676073599955998
wait_interval	s2	seq	226	376349.921104714
end_trade	s2	seq	222	376351.453265014
trade	s2	seq	225	start_mpc	376348.093093614	end_mpc	376351.551647714	duration_mpc	3.4585541000124067
wait_interval	s2	seq	225	376351.588875514
start_trade	s2	seq	291	376352.483971114
start_trade	s2	seq	285	376352.488744214
start_trade	s2	seq	291	376352.493186814
start_trade	s2	seq	292	376352.498247814
start_trade	s2	seq	292	376352.502417914
start_trade	s2	seq	285	376352.510929114
start_trade	s2	seq	286	376352.514986914
start_trade	s2	seq	293	376352.518476214
start_trade	s2	seq	286	376352.522211114
start_trade	s2	seq	294	376352.524840414
start_trade	s2	seq	287	376352.528571814
start_trade	s2	seq	294	376352.535508314
start_trade	s2	seq	287	376352.539106114
start_trade	s2	seq	288	376352.547880114
start_trade	s2	seq	288	376352.558853214
start_trade	s2	seq	289	376352.567590814
start_trade	s2	seq	293	376352.574442214
start_trade	s2	seq	289	376352.581602614
start_trade	s2	seq	290	376352.585504414
start_trade	s2	seq	290	376352.592138514
end_trade	s2	seq	223	376352.611239414
end_trade	s2	seq	224	376352.827769214
trade	s2	seq	222	start_mpc	376351.454921514	end_mpc	376355.219145414	duration_mpc	3.7642238999833353
wait_interval	s2	seq	222	376355.233002614
end_trade	s2	seq	221	376355.361507914
start_trade	s2	seq	295	376356.278670814
start_trade	s2	seq	297	376356.321589714
start_trade	s2	seq	299	376356.338870014
start_trade	s2	seq	300	376356.344152814
start_trade	s2	seq	296	376356.349051914
start_trade	s2	seq	298	376356.353863514
start_trade	s2	seq	297	376356.361320314
start_trade	s2	seq	296	376356.368481014
start_trade	s2	seq	298	376356.372976414
start_trade	s2	seq	299	376356.376950414
start_trade	s2	seq	300	376356.380685814
start_trade	s2	seq	295	376356.384749614
trade	s2	seq	224	start_mpc	376352.832130914	end_mpc	376356.741063414	duration_mpc	3.908932500053197
wait_interval	s2	seq	224	376356.759071114
trade	s2	seq	223	start_mpc	376352.612430914	end_mpc	376357.052832014	duration_mpc	4.440401099971496
wait_interval	s2	seq	223	376357.062286614
end_trade	s2	seq	220	376358.075724214
end_trade	s2	seq	226	376359.957902114
start_trade	s2	seq	302	376361.482854714
start_trade	s2	seq	304	376361.515890814
start_trade	s2	seq	305	376361.572658414
start_trade	s2	seq	302	376361.591016514
start_trade	s2	seq	304	376361.600927114
start_trade	s2	seq	303	376361.620688514
start_trade	s2	seq	301	376361.641659514
start_trade	s2	seq	303	376361.707520214
start_trade	s2	seq	305	376361.715740614
start_trade	s2	seq	301	376361.759293214
end_trade	s2	seq	225	376362.496737414
start_trade	s2	seq	306	376363.803093114
start_trade	s2	seq	307	376363.844829214
start_trade	s2	seq	307	376363.873882614
start_trade	s2	seq	306	376363.906594714
start_trade	s2	seq	308	376365.920501914
start_trade	s2	seq	308	376365.955431214
end_trade	s2	seq	222	376366.215883914
trade	s2	seq	228	start_mpc	376357.069665214	end_mpc	376366.256085314	duration_mpc	9.186420099984389
wait_interval	s2	seq	228	376366.277249914
trade	s2	seq	229	start_mpc	376356.762255014	end_mpc	376366.286616614	duration_mpc	9.524361599993426
wait_interval	s2	seq	229	376366.387265014
trade	s2	seq	227	start_mpc	376357.158788414	end_mpc	376366.393634414	duration_mpc	9.234846000035759
wait_interval	s2	seq	227	376366.453426514
end_trade	s2	seq	224	376366.766604414
end_trade	s2	seq	223	376367.086234414
trade	s2	seq	226	start_mpc	376359.969459814	end_mpc	376368.453247514	duration_mpc	8.48378769995179
wait_interval	s2	seq	226	376368.485770914
trade	s2	seq	225	start_mpc	376362.507184914	end_mpc	376368.750747914	duration_mpc	6.243562999996357
wait_interval	s2	seq	225	376369.130152814
start_trade	s2	seq	311	376371.420874414
start_trade	s2	seq	311	376371.455357914
start_trade	s2	seq	310	376372.522257614
start_trade	s2	seq	309	376372.563988114
start_trade	s2	seq	309	376372.571651214
start_trade	s2	seq	310	376372.678555714
start_trade	s2	seq	312	376372.688370314
start_trade	s2	seq	312	376373.200138514
start_trade	s2	seq	313	376373.209213114
start_trade	s2	seq	313	376373.218454314
trade	s2	seq	230	start_mpc	376369.134423614	end_mpc	376374.731812714	duration_mpc	5.597389100003056
wait_interval	s2	seq	230	376374.755380714
trade	s2	seq	231	start_mpc	376369.229839214	end_mpc	376374.853141414	duration_mpc	5.623302199994214
wait_interval	s2	seq	231	376374.894161714
start_trade	s2	seq	314	376375.299014214
start_trade	s2	seq	314	376375.303707714
end_trade	s2	seq	228	376376.294974814
end_trade	s2	seq	229	376376.393688114
end_trade	s2	seq	227	376376.462884414
start_trade	s2	seq	315	376377.666087614
start_trade	s2	seq	315	376377.694434214
end_trade	s2	seq	226	376378.493554414
end_trade	s2	seq	225	376379.140772014
trade	s2	seq	228	start_mpc	376376.299241014	end_mpc	376380.974209014	duration_mpc	4.674967999977525
wait_interval	s2	seq	228	376381.006137514
trade	s2	seq	229	start_mpc	376376.397046014	end_mpc	376381.093585114	duration_mpc	4.696539099968504
wait_interval	s2	seq	229	376381.110959114
trade	s2	seq	227	start_mpc	376376.465798814	end_mpc	376381.499679314	duration_mpc	5.033880499948282
wait_interval	s2	seq	227	376381.540099814
trade	s2	seq	234	start_mpc	376381.118321214	end_mpc	376383.683032614	duration_mpc	2.5647114000166766
wait_interval	s2	seq	234	376383.747214514
trade	s2	seq	233	start_mpc	376381.634761314	end_mpc	376384.059894014	duration_mpc	2.425132699951064
wait_interval	s2	seq	233	376384.080441214
trade	s2	seq	232	start_mpc	376381.569065514	end_mpc	376384.353434014	duration_mpc	2.784368499997072
wait_interval	s2	seq	232	376384.383401314
end_trade	s2	seq	230	376384.763635014
end_trade	s2	seq	231	376384.912762714
trade	s2	seq	230	start_mpc	376384.767244814	end_mpc	376386.193348214	duration_mpc	1.4261033999500796
wait_interval	s2	seq	230	376386.245240614
trade	s2	seq	231	start_mpc	376384.915935914	end_mpc	376386.573868714	duration_mpc	1.657932800007984
wait_interval	s2	seq	231	376386.602048514
trade	s2	seq	235	start_mpc	376386.253219814	end_mpc	376388.138876014	duration_mpc	1.885656200000085
wait_interval	s2	seq	235	376388.152999614
trade	s2	seq	236	start_mpc	376386.606104414	end_mpc	376388.254792414	duration_mpc	1.6486880000447854
wait_interval	s2	seq	236	376388.396897714
end_trade	s2	seq	228	376391.015818614
end_trade	s2	seq	229	376391.119064514
end_trade	s2	seq	227	376391.575112814
end_trade	s2	seq	234	376393.760456814
end_trade	s2	seq	233	376394.096936114
end_trade	s2	seq	232	376394.391652514
trade	s2	seq	234	start_mpc	376393.765316614	end_mpc	376395.979753114	duration_mpc	2.2144364999840036
wait_interval	s2	seq	234	376396.034877114
end_trade	s2	seq	230	376396.257558414
trade	s2	seq	233	start_mpc	376394.098686814	end_mpc	376396.565654714	duration_mpc	2.4669678999925964
wait_interval	s2	seq	233	376396.576716214
end_trade	s2	seq	231	376396.671761414
trade	s2	seq	232	start_mpc	376394.395765114	end_mpc	376396.867515614	duration_mpc	2.4717505000298843
wait_interval	s2	seq	232	376396.877676914
end_trade	s2	seq	235	376398.162535614
end_trade	s2	seq	236	376398.403466814
trade	s2	seq	238	start_mpc	376396.580480614	end_mpc	376399.720092514	duration_mpc	3.1396119000273757
wait_interval	s2	seq	238	376399.736468314
trade	s2	seq	237	start_mpc	376396.885117914	end_mpc	376400.047677714	duration_mpc	3.16255980002461
wait_interval	s2	seq	237	376400.061996514
trade	s2	seq	239	start_mpc	376396.983365714	end_mpc	376400.382903014	duration_mpc	3.3995372999925166
wait_interval	s2	seq	239	376400.391632014
trade	s2	seq	235	start_mpc	376398.182069514	end_mpc	376401.163149014	duration_mpc	2.981079499993939
wait_interval	s2	seq	235	376401.191400214
trade	s2	seq	236	start_mpc	376398.406205514	end_mpc	376401.272304014	duration_mpc	2.8660985000315122
wait_interval	s2	seq	236	376401.289497814
trade	s2	seq	241	start_mpc	376401.297889014	end_mpc	376403.081251014	duration_mpc	1.7833620000164956
wait_interval	s2	seq	241	376403.094804214
trade	s2	seq	240	start_mpc	376401.199432214	end_mpc	376403.297249414	duration_mpc	2.097817200003192
wait_interval	s2	seq	240	376403.304659814
end_trade	s2	seq	234	376406.050842314
end_trade	s2	seq	233	376406.591133114
end_trade	s2	seq	232	376406.891983714
end_trade	s2	seq	238	376409.740784314
end_trade	s2	seq	237	376410.065768514
end_trade	s2	seq	239	376410.397753714
end_trade	s2	seq	235	376411.204033614
trade	s2	seq	238	start_mpc	376409.744198014	end_mpc	376411.294533914	duration_mpc	1.5503358999849297
wait_interval	s2	seq	238	376411.310670414
end_trade	s2	seq	236	376411.329639014
trade	s2	seq	237	start_mpc	376410.067841514	end_mpc	376412.464165114	duration_mpc	2.396323599969037
wait_interval	s2	seq	237	376412.490449614
trade	s2	seq	239	start_mpc	376410.401779614	end_mpc	376412.816185414	duration_mpc	2.414405799994711
wait_interval	s2	seq	239	376412.822540014
end_trade	s2	seq	241	376413.102444414
end_trade	s2	seq	240	376413.309136514
trade	s2	seq	243	start_mpc	376411.337089514	end_mpc	376414.427724614	duration_mpc	3.0906350999721326
wait_interval	s2	seq	243	376414.448641314
trade	s2	seq	242	start_mpc	376412.493687214	end_mpc	376415.822383014	duration_mpc	3.328695800038986
wait_interval	s2	seq	242	376415.837585314
trade	s2	seq	244	start_mpc	376412.824041014	end_mpc	376416.494600814	duration_mpc	3.670559799997136
wait_interval	s2	seq	244	376416.519502814
trade	s2	seq	240	start_mpc	376413.310659414	end_mpc	376416.826772314	duration_mpc	3.516112899989821
wait_interval	s2	seq	240	376416.957804114
trade	s2	seq	241	start_mpc	376413.105282414	end_mpc	376417.031691414	duration_mpc	3.92640900000697
wait_interval	s2	seq	241	376417.061004414
trade	s2	seq	250	start_mpc	376416.968229714	end_mpc	376418.032012414	duration_mpc	1.0637826999882236
wait_interval	s2	seq	250	376418.073329014
end_trade	s2	seq	238	376421.328909314
end_trade	s2	seq	237	376422.497328914
end_trade	s2	seq	239	376422.832110914
end_trade	s2	seq	243	376424.465192814
trade	s2	seq	243	start_mpc	376424.473836114	end_mpc	376425.374401314	duration_mpc	0.9005652000196278
wait_interval	s2	seq	243	376425.399892714
end_trade	s2	seq	242	376425.855515614
end_trade	s2	seq	244	376426.578262414
trade	s2	seq	248	start_mpc	376425.404400514	end_mpc	376426.881207514	duration_mpc	1.4768069999990985
wait_interval	s2	seq	248	376426.898290814
end_trade	s2	seq	240	376426.970844414
end_trade	s2	seq	241	376427.065826114
end_trade	s2	seq	250	376428.085995914
trade	s2	seq	242	start_mpc	376425.890187614	end_mpc	376428.207884414	duration_mpc	2.3176967999897897
wait_interval	s2	seq	242	376428.214776814
trade	s2	seq	244	start_mpc	376426.580532314	end_mpc	376428.938884314	duration_mpc	2.358351999951992
wait_interval	s2	seq	244	376428.962295714
trade	s2	seq	246	start_mpc	376417.068667614	end_mpc	376429.657712614	duration_mpc	12.58904499997152
wait_interval	s2	seq	246	376429.682575014
trade	s2	seq	247	start_mpc	376428.216973614	end_mpc	376430.004930714	duration_mpc	1.7879571000230499
wait_interval	s2	seq	247	376430.014170714
trade	s2	seq	249	start_mpc	376428.969150214	end_mpc	376430.529298214	duration_mpc	1.5601480000186712
wait_interval	s2	seq	249	376430.539236714
trade	s2	seq	245	start_mpc	376418.077905614	end_mpc	376435.365177614	duration_mpc	17.287271999986842
wait_interval	s2	seq	245	376435.374023214
end_trade	s2	seq	243	376435.440264914
trade	s2	seq	250	start_mpc	376435.378614514	end_mpc	376435.918983614	duration_mpc	0.540369099995587
wait_interval	s2	seq	250	376435.940462114
end_trade	s2	seq	248	376436.907896114
trade	s2	seq	248	start_mpc	376436.911240914	end_mpc	376437.442774614	duration_mpc	0.5315337000065483
wait_interval	s2	seq	248	376437.468155814
end_trade	s2	seq	242	376438.222297214
end_trade	s2	seq	244	376438.975281614
end_trade	s2	seq	246	376439.688869514
end_trade	s2	seq	247	376440.019096914
end_trade	s2	seq	249	376440.547625114
trade	s2	seq	247	start_mpc	376440.021807114	end_mpc	376440.657276614	duration_mpc	0.6354694999754429
wait_interval	s2	seq	247	376440.670253714
trade	s2	seq	249	start_mpc	376440.551805014	end_mpc	376441.604867714	duration_mpc	1.0530626999679953
wait_interval	s2	seq	249	376441.638600914
trade	s2	seq	254	start_mpc	376441.640417714	end_mpc	376442.536257514	duration_mpc	0.8958397999522276
wait_interval	s2	seq	254	376442.567869014
end_trade	s2	seq	245	376445.384218614
end_trade	s2	seq	250	376445.953897114
trade	s2	seq	245	start_mpc	376445.387323214	end_mpc	376447.251865814	duration_mpc	1.8645426000002772
wait_interval	s2	seq	245	376447.279422814
end_trade	s2	seq	248	376447.474470814
trade	s2	seq	251	start_mpc	376429.685048414	end_mpc	376447.556476814	duration_mpc	17.871428399987053
wait_interval	s2	seq	251	376447.616822814
trade	s2	seq	255	start_mpc	376447.290262814	end_mpc	376448.610060814	duration_mpc	1.319798000040464
wait_interval	s2	seq	255	376448.625116114
end_trade	s2	seq	247	376450.674981914
end_trade	s2	seq	249	376451.643163114
end_trade	s2	seq	254	376452.573679114
trade	s2	seq	254	start_mpc	376452.667203314	end_mpc	376453.423105914	duration_mpc	0.7559025999507867
wait_interval	s2	seq	254	376453.445878014
trade	s2	seq	253	start_mpc	376437.470885314	end_mpc	376455.200863014	duration_mpc	17.729977699986193
wait_interval	s2	seq	253	376455.222225714
end_trade	s2	seq	245	376458.924044414
end_trade	s2	seq	251	376460.809764914
end_trade	s2	seq	255	376460.841907014
trade	s2	seq	252	start_mpc	376440.674480514	end_mpc	376463.361488914	duration_mpc	22.687008399982005
wait_interval	s2	seq	252	376463.379285814
end_trade	s2	seq	254	376463.453564414
trade	s2	seq	251	start_mpc	376461.136819114	end_mpc	376464.147998714	duration_mpc	3.01117960002739
wait_interval	s2	seq	251	376464.165558614
trade	s2	seq	259	start_mpc	376453.450654414	end_mpc	376464.768323914	duration_mpc	11.317669499956537
wait_interval	s2	seq	259	376464.792139214
trade	s2	seq	255	start_mpc	376462.112606914	end_mpc	376465.168911714	duration_mpc	3.056304799974896
wait_interval	s2	seq	255	376465.210660914
end_trade	s2	seq	253	376465.241920114
trade	s2	seq	260	start_mpc	376465.218249414	end_mpc	376466.191140914	duration_mpc	0.9728914999868721
wait_interval	s2	seq	260	376466.214694614
trade	s2	seq	253	start_mpc	376465.244684614	end_mpc	376466.664080314	duration_mpc	1.4193956999806687
wait_interval	s2	seq	253	376466.687481014
trade	s2	seq	258	start_mpc	376466.856419014	end_mpc	376467.828033514	duration_mpc	0.9716144999838434
wait_interval	s2	seq	258	376467.862279314
end_trade	s2	seq	252	376473.387614414
end_trade	s2	seq	251	376474.171511014
trade	s2	seq	252	start_mpc	376473.391545014	end_mpc	376474.365334614	duration_mpc	0.9737896000151522
wait_interval	s2	seq	252	376474.374480814
end_trade	s2	seq	259	376474.799122214
end_trade	s2	seq	255	376475.218719414
trade	s2	seq	259	start_mpc	376474.801481314	end_mpc	376475.770906414	duration_mpc	0.9694251000182703
wait_interval	s2	seq	259	376475.798163714
end_trade	s2	seq	260	376476.228978214
end_trade	s2	seq	253	376476.694494214
trade	s2	seq	264	start_mpc	376475.806500414	end_mpc	376477.490927814	duration_mpc	1.6844274000031874
wait_interval	s2	seq	264	376477.507656214
trade	s2	seq	260	start_mpc	376476.232295414	end_mpc	376477.783401114	duration_mpc	1.551105699967593
wait_interval	s2	seq	260	376477.829448714
end_trade	s2	seq	258	376477.873685214
trade	s2	seq	258	start_mpc	376477.875585114	end_mpc	376478.793955514	duration_mpc	0.9183703999733552
wait_interval	s2	seq	258	376478.809476714
trade	s2	seq	263	start_mpc	376478.814647914	end_mpc	376479.671759914	duration_mpc	0.8571119999978691
wait_interval	s2	seq	263	376479.693154014
trade	s2	seq	246	start_mpc	376464.169459814	end_mpc	376481.545457314	duration_mpc	17.37599750002846
wait_interval	s2	seq	246	376481.564236514
trade	s2	seq	256	start_mpc	376481.565511014	end_mpc	376482.616820514	duration_mpc	1.0513095000060275
wait_interval	s2	seq	256	376482.632766014
trade	s2	seq	257	start_mpc	376474.376045114	end_mpc	376483.638891614	duration_mpc	9.262846499972511
wait_interval	s2	seq	257	376483.655039114
end_trade	s2	seq	252	376484.398648514
end_trade	s2	seq	259	376485.806264814
end_trade	s2	seq	264	376487.516435814
end_trade	s2	seq	260	376487.835978814
trade	s2	seq	264	start_mpc	376487.521721214	end_mpc	376488.521181514	duration_mpc	0.9994603000232019
wait_interval	s2	seq	264	376488.536670814
end_trade	s2	seq	258	376488.817047714
trade	s2	seq	269	start_mpc	376488.691627814	end_mpc	376489.635679414	duration_mpc	0.9440515999449417
wait_interval	s2	seq	269	376489.650779714
end_trade	s2	seq	263	376489.709205714
trade	s2	seq	263	start_mpc	376489.733474414	end_mpc	376490.717831214	duration_mpc	0.9843568000360392
wait_interval	s2	seq	263	376490.752933114
end_trade	s2	seq	246	376491.569171014
trade	s2	seq	268	start_mpc	376490.866004014	end_mpc	376491.761594914	duration_mpc	0.8955909000360407
wait_interval	s2	seq	268	376491.775500014
end_trade	s2	seq	256	376492.643832114
trade	s2	seq	256	start_mpc	376492.650496914	end_mpc	376493.166733814	duration_mpc	0.5162369000026956
wait_interval	s2	seq	256	376493.180038214
trade	s2	seq	261	start_mpc	376493.181841414	end_mpc	376493.646190414	duration_mpc	0.4643489999580197
wait_interval	s2	seq	261	376493.691833814
end_trade	s2	seq	257	376493.704882014
trade	s2	seq	257	start_mpc	376493.716713314	end_mpc	376494.195799014	duration_mpc	0.47908570000436157
wait_interval	s2	seq	257	376494.230387414
trade	s2	seq	262	start_mpc	376494.233310414	end_mpc	376494.680544214	duration_mpc	0.44723379996139556
wait_interval	s2	seq	262	376494.729702114
end_trade	s2	seq	264	376498.545715514
end_trade	s2	seq	269	376499.660386314
trade	s2	seq	269	start_mpc	376499.663054114	end_mpc	376500.550091714	duration_mpc	0.8870376000413671
wait_interval	s2	seq	269	376500.560494214
end_trade	s2	seq	263	376500.757494314
trade	s2	seq	274	start_mpc	376500.562921114	end_mpc	376501.401003214	duration_mpc	0.8380821000318974
wait_interval	s2	seq	274	376501.423984914
end_trade	s2	seq	268	376501.791109714
trade	s2	seq	268	start_mpc	376501.792804714	end_mpc	376502.701096614	duration_mpc	0.9082919000065885
wait_interval	s2	seq	268	376502.727925614
end_trade	s2	seq	256	376503.186322214
end_trade	s2	seq	261	376503.705211614
trade	s2	seq	273	start_mpc	376502.732903514	end_mpc	376503.728813614	duration_mpc	0.9959100999985822
wait_interval	s2	seq	273	376503.746142914
end_trade	s2	seq	257	376504.236559514
trade	s2	seq	261	start_mpc	376503.707031114	end_mpc	376504.680533014	duration_mpc	0.973501899978146
wait_interval	s2	seq	261	376504.742738914
end_trade	s2	seq	262	376504.753969414
trade	s2	seq	266	start_mpc	376504.760081014	end_mpc	376506.175699914	duration_mpc	1.4156188999768347
wait_interval	s2	seq	266	376506.184629914
trade	s2	seq	262	start_mpc	376504.780831214	end_mpc	376506.471841914	duration_mpc	1.6910107000148855
wait_interval	s2	seq	262	376506.478638314
trade	s2	seq	265	start_mpc	376477.833392814	end_mpc	376507.248209514	duration_mpc	29.4148167000385
wait_interval	s2	seq	265	376507.262867514
trade	s2	seq	267	start_mpc	376506.479872914	end_mpc	376507.759903414	duration_mpc	1.280030500027351
wait_interval	s2	seq	267	376507.773434714
end_trade	s2	seq	269	376510.588177014
end_trade	s2	seq	274	376511.431897414
trade	s2	seq	274	start_mpc	376511.441247314	end_mpc	376512.261454514	duration_mpc	0.8202072000131011
wait_interval	s2	seq	274	376512.281445914
end_trade	s2	seq	268	376512.744470514
end_trade	s2	seq	273	376513.751950014
trade	s2	seq	273	start_mpc	376513.753754214	end_mpc	376514.610252814	duration_mpc	0.8564986000419594
wait_interval	s2	seq	273	376514.624974914
end_trade	s2	seq	261	376514.750584814
end_trade	s2	seq	266	376516.199811714
end_trade	s2	seq	262	376516.488960514
end_trade	s2	seq	265	376517.268149814
end_trade	s2	seq	267	376517.777232514
end_trade	s2	seq	274	376522.291705814
trade	s2	seq	271	start_mpc	376506.187402314	end_mpc	376523.515817614	duration_mpc	17.328415299998596
wait_interval	s2	seq	271	376523.533938814
trade	s2	seq	270	start_mpc	376507.264285214	end_mpc	376524.542218214	duration_mpc	17.27793300000485
wait_interval	s2	seq	270	376524.584071114
end_trade	s2	seq	273	376524.632705114
trade	s2	seq	272	start_mpc	376507.775074914	end_mpc	376525.430635014	duration_mpc	17.655560100043658
wait_interval	s2	seq	272	376525.457875814
trade	s2	seq	265	start_mpc	376524.590269414	end_mpc	376525.464381114	duration_mpc	0.8741116999881342
wait_interval	s2	seq	265	376525.521637614
trade	s2	seq	267	start_mpc	376525.524886414	end_mpc	376526.221988214	duration_mpc	0.6971018000040203
wait_interval	s2	seq	267	376526.231283814
trade	s2	seq	279	start_mpc	376526.232762214	end_mpc	376526.684680614	duration_mpc	0.4519184000091627
wait_interval	s2	seq	279	376526.694974714
end_trade	s2	seq	271	376533.553196714
trade	s2	seq	266	start_mpc	376523.540273114	end_mpc	376533.999094214	duration_mpc	10.458821100008208
wait_interval	s2	seq	266	376534.013956814
end_trade	s2	seq	270	376534.597351214
end_trade	s2	seq	272	376535.470253714
end_trade	s2	seq	265	376535.528206914
trade	s2	seq	270	start_mpc	376534.599468114	end_mpc	376536.153923514	duration_mpc	1.5544554000371136
wait_interval	s2	seq	270	376536.215898614
end_trade	s2	seq	267	376536.299817814
end_trade	s2	seq	279	376536.711133414
trade	s2	seq	280	start_mpc	376536.218049014	end_mpc	376537.376706614	duration_mpc	1.158657599997241
wait_interval	s2	seq	280	376537.397196714
trade	s2	seq	279	start_mpc	376536.713768614	end_mpc	376537.934259514	duration_mpc	1.2204908999847248
wait_interval	s2	seq	279	376537.942765914
trade	s2	seq	272	start_mpc	376535.473621714	end_mpc	376538.791256714	duration_mpc	3.3176349999848753
wait_interval	s2	seq	272	376538.797495414
trade	s2	seq	284	start_mpc	376537.945726714	end_mpc	376539.218787614	duration_mpc	1.2730609000427648
wait_interval	s2	seq	284	376539.228161214
trade	s2	seq	278	start_mpc	376538.834142014	end_mpc	376539.811473614	duration_mpc	0.9773316000355408
wait_interval	s2	seq	278	376539.836169714
trade	s2	seq	282	start_mpc	376538.799365414	end_mpc	376540.258912314	duration_mpc	1.4595469000050798
wait_interval	s2	seq	282	376540.298628414
end_trade	s2	seq	266	376544.024953014
end_trade	s2	seq	270	376546.222758914
end_trade	s2	seq	280	376547.403981714
end_trade	s2	seq	279	376547.954709414
end_trade	s2	seq	272	376548.806290414
end_trade	s2	seq	284	376549.239102914
trade	s2	seq	284	start_mpc	376549.242224114	end_mpc	376549.823619114	duration_mpc	0.5813949999865144
wait_interval	s2	seq	284	376549.841230314
end_trade	s2	seq	278	376549.847067814
end_trade	s2	seq	282	376550.304535914
trade	s2	seq	294	start_mpc	376549.850986614	end_mpc	376550.770544814	duration_mpc	0.919558199995663
wait_interval	s2	seq	294	376550.782830714
trade	s2	seq	278	start_mpc	376549.869294114	end_mpc	376551.017710614	duration_mpc	1.1484165000147186
wait_interval	s2	seq	278	376551.031445014
trade	s2	seq	271	start_mpc	376534.016667114	end_mpc	376551.557420914	duration_mpc	17.5407538000145
wait_interval	s2	seq	271	376551.565740914
trade	s2	seq	276	start_mpc	376551.568744814	end_mpc	376552.047174814	duration_mpc	0.47842999995918944
wait_interval	s2	seq	276	376552.084597414
trade	s2	seq	275	start_mpc	376537.404582214	end_mpc	376555.165287614	duration_mpc	17.760705399967264
wait_interval	s2	seq	275	376555.199093114
trade	s2	seq	280	start_mpc	376555.202225514	end_mpc	376555.966748114	duration_mpc	0.7645225999876857
wait_interval	s2	seq	280	376555.974031114
trade	s2	seq	277	start_mpc	376540.301746414	end_mpc	376557.543405814	duration_mpc	17.241659399995115
wait_interval	s2	seq	277	376557.587695714
end_trade	s2	seq	284	376559.854576314
end_trade	s2	seq	294	376560.794676614
end_trade	s2	seq	278	376561.042071614
end_trade	s2	seq	271	376561.570860114
end_trade	s2	seq	276	376562.105652914
end_trade	s2	seq	275	376565.204991514
end_trade	s2	seq	280	376565.987216614
trade	s2	seq	275	start_mpc	376565.207825014	end_mpc	376566.812019414	duration_mpc	1.604194399958942
wait_interval	s2	seq	275	376566.829896514
end_trade	s2	seq	277	376567.618412614
trade	s2	seq	282	start_mpc	376557.605007514	end_mpc	376568.539091614	duration_mpc	10.934084100008477
wait_interval	s2	seq	282	376568.545977514
trade	s2	seq	294	start_mpc	376560.796063014	end_mpc	376568.751019414	duration_mpc	7.9549563999753445
wait_interval	s2	seq	294	376568.763097514
trade	s2	seq	283	start_mpc	376551.054416214	end_mpc	376569.080570814	duration_mpc	18.02615460002562
wait_interval	s2	seq	283	376569.091243314
trade	s2	seq	281	start_mpc	376552.099776414	end_mpc	376569.575199014	duration_mpc	17.47542259999318
wait_interval	s2	seq	281	376569.593224514
end_trade	s2	seq	275	376576.855891414
end_trade	s2	seq	282	376578.555141614
end_trade	s2	seq	294	376578.769535314
end_trade	s2	seq	283	376579.130936414
end_trade	s2	seq	281	376579.620057314
trade	s2	seq	289	start_mpc	376568.765126814	end_mpc	376579.674588814	duration_mpc	10.909462000010535
wait_interval	s2	seq	289	376579.680723914
trade	s2	seq	281	start_mpc	376579.643376414	end_mpc	376580.544016414	duration_mpc	0.9006399999489076
wait_interval	s2	seq	281	376580.557597114
trade	s2	seq	283	start_mpc	376579.146912814	end_mpc	376580.899799114	duration_mpc	1.7528862999752164
wait_interval	s2	seq	283	376580.909445414
trade	s2	seq	293	start_mpc	376580.912475014	end_mpc	376581.368117514	duration_mpc	0.4556425000191666
wait_interval	s2	seq	293	376581.396055514
trade	s2	seq	277	start_mpc	376568.547736114	end_mpc	376586.296802414	duration_mpc	17.749066299991682
wait_interval	s2	seq	277	376586.337306314
trade	s2	seq	292	start_mpc	376586.338808814	end_mpc	376586.904619914	duration_mpc	0.5658111000084318
wait_interval	s2	seq	292	376586.921038414
end_trade	s2	seq	289	376589.684761014
end_trade	s2	seq	281	376590.566245614
end_trade	s2	seq	283	376590.922245414
end_trade	s2	seq	293	376591.407995814
end_trade	s2	seq	277	376596.348827714
end_trade	s2	seq	292	376596.926841914
trade	s2	seq	289	start_mpc	376589.685840014	end_mpc	376597.178995414	duration_mpc	7.493155399977695
wait_interval	s2	seq	289	376597.208607314
trade	s2	seq	292	start_mpc	376596.928603714	end_mpc	376598.245108814	duration_mpc	1.316505099995993
wait_interval	s2	seq	292	376598.252646514
trade	s2	seq	276	start_mpc	376580.560701114	end_mpc	376599.947713114	duration_mpc	19.38701199996285
wait_interval	s2	seq	276	376599.954577614
trade	s2	seq	299	start_mpc	376597.213908114	end_mpc	376600.095304414	duration_mpc	2.8813962999847718
wait_interval	s2	seq	299	376600.118285914
trade	s2	seq	288	start_mpc	376581.432556214	end_mpc	376601.064030614	duration_mpc	19.631474399997387
wait_interval	s2	seq	288	376601.074733414
trade	s2	seq	287	start_mpc	376598.254371314	end_mpc	376601.246142814	duration_mpc	2.9917714999755844
wait_interval	s2	seq	287	376601.257320914
trade	s2	seq	291	start_mpc	376599.961599714	end_mpc	376601.617568114	duration_mpc	1.6559684000094421
wait_interval	s2	seq	291	376601.634019014
trade	s2	seq	285	start_mpc	376566.832342314	end_mpc	376601.769132314	duration_mpc	34.93679000000702
wait_interval	s2	seq	285	376601.781506214
end_trade	s2	seq	289	376607.212974614
end_trade	s2	seq	292	376608.263494614
end_trade	s2	seq	276	376609.965596314
end_trade	s2	seq	299	376610.133216314
end_trade	s2	seq	288	376611.085556514
end_trade	s2	seq	287	376611.276114914
end_trade	s2	seq	291	376611.638490114
end_trade	s2	seq	285	376611.787450914
trade	s2	seq	299	start_mpc	376610.143024714	end_mpc	376613.292497414	duration_mpc	3.1494726999662817
wait_interval	s2	seq	299	376613.316776414
trade	s2	seq	288	start_mpc	376611.088788314	end_mpc	376613.637086214	duration_mpc	2.54829789994983
wait_interval	s2	seq	288	376613.688566414
trade	s2	seq	287	start_mpc	376611.279094014	end_mpc	376613.877464814	duration_mpc	2.598370799969416
wait_interval	s2	seq	287	376613.911458214
trade	s2	seq	285	start_mpc	376611.793111014	end_mpc	376614.425798614	duration_mpc	2.6326875999802724
wait_interval	s2	seq	285	376614.440963414
trade	s2	seq	291	start_mpc	376611.643920814	end_mpc	376615.331294514	duration_mpc	3.6873737000278197
wait_interval	s2	seq	291	376615.347490614
trade	s2	seq	290	start_mpc	376614.472183714	end_mpc	376615.694298814	duration_mpc	1.2221151000121608
wait_interval	s2	seq	290	376615.715810914
trade	s2	seq	297	start_mpc	376613.981564414	end_mpc	376616.033535514	duration_mpc	2.0519711000379175
wait_interval	s2	seq	297	376616.047670114
end_trade	s2	seq	299	376623.330153314
end_trade	s2	seq	288	376623.699078414
end_trade	s2	seq	287	376623.950881314
end_trade	s2	seq	285	376624.449408814
end_trade	s2	seq	291	376625.352310614
end_trade	s2	seq	290	376625.723049614
end_trade	s2	seq	297	376626.052635114
trade	s2	seq	290	start_mpc	376625.724143114	end_mpc	376626.211179914	duration_mpc	0.48703680001199245
wait_interval	s2	seq	290	376626.224657514
trade	s2	seq	297	start_mpc	376626.055245714	end_mpc	376627.062621014	duration_mpc	1.0073753000469878
wait_interval	s2	seq	297	376627.073211114
trade	s2	seq	302	start_mpc	376627.076475314	end_mpc	376627.940615114	duration_mpc	0.8641398000181653
wait_interval	s2	seq	302	376627.959930314
trade	s2	seq	293	start_mpc	376613.697840314	end_mpc	376631.484332314	duration_mpc	17.78649199998472
wait_interval	s2	seq	293	376631.497046814
trade	s2	seq	298	start_mpc	376631.501131814	end_mpc	376632.390589814	duration_mpc	0.8894580000196584
wait_interval	s2	seq	298	376632.403390614
trade	s2	seq	286	start_mpc	376615.349245114	end_mpc	376632.775770414	duration_mpc	17.426525299961213
wait_interval	s2	seq	286	376632.799737914
end_trade	s2	seq	290	376636.239612614
end_trade	s2	seq	297	376637.083961914
end_trade	s2	seq	302	376637.970813714
trade	s2	seq	302	start_mpc	376637.973921114	end_mpc	376638.819255714	duration_mpc	0.8453346000169404
wait_interval	s2	seq	302	376638.828469014
end_trade	s2	seq	293	376641.502204314
end_trade	s2	seq	298	376642.411529714
end_trade	s2	seq	286	376642.804047214
trade	s2	seq	298	start_mpc	376642.414150214	end_mpc	376643.726125514	duration_mpc	1.311975300021004
wait_interval	s2	seq	298	376643.746604214
trade	s2	seq	286	start_mpc	376642.806104814	end_mpc	376644.126852414	duration_mpc	1.3207475999952294
wait_interval	s2	seq	286	376644.140844614
trade	s2	seq	295	start_mpc	376644.157757714	end_mpc	376645.022109314	duration_mpc	0.8643516000011005
wait_interval	s2	seq	295	376645.041303414
trade	s2	seq	296	start_mpc	376644.144088014	end_mpc	376645.131073014	duration_mpc	0.9869849999668077
wait_interval	s2	seq	296	376645.151582514
trade	s2	seq	300	start_mpc	376645.045591714	end_mpc	376645.662253814	duration_mpc	0.6166621000156738
wait_interval	s2	seq	300	376645.684537814
end_trade	s2	seq	302	376648.834252214
end_trade	s2	seq	298	376653.752890514
end_trade	s2	seq	286	376654.154507714
end_trade	s2	seq	295	376655.046837314
end_trade	s2	seq	296	376655.162683714
end_trade	s2	seq	300	376655.688763414
trade	s2	seq	296	start_mpc	376655.164696014	end_mpc	376656.292201414	duration_mpc	1.127505399985239
wait_interval	s2	seq	296	376656.318982614
trade	s2	seq	300	start_mpc	376655.694954214	end_mpc	376657.263059814	duration_mpc	1.5681056000175886
wait_interval	s2	seq	300	376657.272488114
trade	s2	seq	301	start_mpc	376656.322792414	end_mpc	376657.936037914	duration_mpc	1.6132455000188202
wait_interval	s2	seq	301	376657.960540114
trade	s2	seq	295	start_mpc	376657.274949314	end_mpc	376658.570489614	duration_mpc	1.2955402999650687
wait_interval	s2	seq	295	376658.601144814
trade	s2	seq	305	start_mpc	376658.620837314	end_mpc	376660.368015614	duration_mpc	1.747178299992811
wait_interval	s2	seq	305	376660.375223914
trade	s2	seq	304	start_mpc	376657.310776314	end_mpc	376660.537265714	duration_mpc	3.226489400025457
wait_interval	s2	seq	304	376660.557242414
trade	s2	seq	303	start_mpc	376658.655883414	end_mpc	376661.018180514	duration_mpc	2.3622971000149846
wait_interval	s2	seq	303	376661.024539714
end_trade	s2	seq	296	376666.327149014
end_trade	s2	seq	300	376667.283245014
end_trade	s2	seq	301	376667.967168114
end_trade	s2	seq	295	376668.615689814
trade	s2	seq	301	start_mpc	376667.970148214	end_mpc	376668.960437614	duration_mpc	0.99028939998243
wait_interval	s2	seq	301	376668.971173314
end_trade	s2	seq	305	376670.380840614
end_trade	s2	seq	304	376670.564893314
end_trade	s2	seq	303	376671.046354414
trade	s2	seq	305	start_mpc	376670.382332214	end_mpc	376672.308049114	duration_mpc	1.9257169000338763
wait_interval	s2	seq	305	376672.319009614
trade	s2	seq	304	start_mpc	376670.569934414	end_mpc	376672.590067314	duration_mpc	2.0201328999828547
wait_interval	s2	seq	304	376672.600636914
trade	s2	seq	303	start_mpc	376671.050978414	end_mpc	376673.476569614	duration_mpc	2.425591200008057
wait_interval	s2	seq	303	376673.495648214
trade	s2	seq	306	start_mpc	376672.686016614	end_mpc	376675.396489414	duration_mpc	2.7104727999540046
wait_interval	s2	seq	306	376675.409265714
trade	s2	seq	309	start_mpc	376672.604636414	end_mpc	376675.508184114	duration_mpc	2.9035477000288665
wait_interval	s2	seq	309	376675.517762114
trade	s2	seq	307	start_mpc	376673.570242014	end_mpc	376676.191489214	duration_mpc	2.621247200004291
wait_interval	s2	seq	307	376676.228524214
trade	s2	seq	308	start_mpc	376673.508865114	end_mpc	376676.273802614	duration_mpc	2.7649375000037253
wait_interval	s2	seq	308	376676.285002314
end_trade	s2	seq	301	376678.979645114
end_trade	s2	seq	305	376682.331067414
end_trade	s2	seq	304	376682.610002014
end_trade	s2	seq	303	376683.511868914
end_trade	s2	seq	306	376685.444745414
end_trade	s2	seq	309	376685.531516514
end_trade	s2	seq	307	376686.233199714
end_trade	s2	seq	308	376686.294834214
trade	s2	seq	309	start_mpc	376685.534235614	end_mpc	376688.109722614	duration_mpc	2.5754869999946095
wait_interval	s2	seq	309	376688.119889214
trade	s2	seq	306	start_mpc	376685.446808614	end_mpc	376688.250187114	duration_mpc	2.803378499986138
wait_interval	s2	seq	306	376688.256725814
trade	s2	seq	308	start_mpc	376686.303960314	end_mpc	376689.150676514	duration_mpc	2.846716200001538
wait_interval	s2	seq	308	376689.157500414
trade	s2	seq	307	start_mpc	376686.235079514	end_mpc	376689.168045414	duration_mpc	2.9329658999922685
wait_interval	s2	seq	307	376689.201576214
trade	s2	seq	311	start_mpc	376688.259394114	end_mpc	376691.360201714	duration_mpc	3.1008075999561697
wait_interval	s2	seq	311	376691.376976514
trade	s2	seq	313	start_mpc	376689.204604514	end_mpc	376692.065601514	duration_mpc	2.860997000010684
wait_interval	s2	seq	313	376692.073727414
trade	s2	seq	310	start_mpc	376689.354274714	end_mpc	376692.389575214	duration_mpc	3.035300499992445
wait_interval	s2	seq	310	376692.404767814
trade	s2	seq	312	start_mpc	376689.317676614	end_mpc	376692.410618314	duration_mpc	3.092941700015217
wait_interval	s2	seq	312	376692.430658214
end_trade	s2	seq	309	376698.133295014
end_trade	s2	seq	306	376698.265464914
end_trade	s2	seq	308	376699.162277014
end_trade	s2	seq	307	376699.211633114
end_trade	s2	seq	311	376701.387488614
end_trade	s2	seq	313	376702.077850814
end_trade	s2	seq	310	376702.409723414
end_trade	s2	seq	312	376702.479282014
trade	s2	seq	311	start_mpc	376701.391742814	end_mpc	376702.766280014	duration_mpc	1.3745372000266798
wait_interval	s2	seq	311	376702.772273514
trade	s2	seq	313	start_mpc	376702.080448914	end_mpc	376704.354300214	duration_mpc	2.273851299949456
wait_interval	s2	seq	313	376704.367849814
trade	s2	seq	312	start_mpc	376702.481948814	end_mpc	376704.705847914	duration_mpc	2.2238990999758244
wait_interval	s2	seq	312	376704.711282214
trade	s2	seq	310	start_mpc	376702.412058014	end_mpc	376704.971430314	duration_mpc	2.5593722999910824
wait_interval	s2	seq	310	376704.978411214
trade	s2	seq	315	start_mpc	376704.979750414	end_mpc	376706.454165314	duration_mpc	1.4744149000034668
wait_interval	s2	seq	315	376706.483113014
trade	s2	seq	314	start_mpc	376704.986515114	end_mpc	376706.492831614	duration_mpc	1.5063164999592118
wait_interval	s2	seq	314	376706.526874914
end_trade	s2	seq	311	376712.783753214
end_trade	s2	seq	313	376714.371754014
end_trade	s2	seq	312	376714.723309414
end_trade	s2	seq	310	376714.987724214
end_trade	s2	seq	315	376716.488758114
end_trade	s2	seq	314	376716.535158514
trade	s2	seq	315	start_mpc	376716.490040914	end_mpc	376718.055248314	duration_mpc	1.5652074000099674
wait_interval	s2	seq	315	376718.091670514
trade	s2	seq	314	start_mpc	376716.537303014	end_mpc	376718.202700214	duration_mpc	1.6653971999767236
wait_interval	s2	seq	314	376718.212149714
end_trade	s2	seq	315	376728.104537214
end_trade	s2	seq	314	376728.216064814
